РЦ,min,max
АО "Тандер" г. Батайск,100,200
АО "Тандер" г. Дзержинск,200,200
АО "Тандер" г. Екатеринбург,300,400
АО "Тандер" г. Иваново,1000,200
АО "Тандер" г. Ижевск,100,200
АО "Тандер" г. Кропоткин,100,160
АО "Тандер" г. Лермонтов,100,160
АО "Тандер" г. Омск,1000,200
АО "Тандер" г. Орел,120,120
АО "Тандер" г. Пенза,120,200
"АО 'Тандер' г. Стерлитамак, Совхозная,32",100,120
"АО 'Тандер' г. Тамбов (РЦ Тамбов с.Стрельцы, комплекс 'Мотель')",100,180
АО "Тандер" г. Тольятти,240,300
АО "Тандер" г. Челябинск,140,200
АО "Тандер" г. Энгельс РЦ (ул.Промышленная),160,200
АО "Тандер" РЦ ВС ХД ФМ Ложистик Дмитров,100,200
АО "Тандер" РЦ Астрахань,140,200
АО "Тандер" РЦ Великий Новгород,1000,200
АО "Тандер" РЦ Воронеж,140,220
АО "Тандер" РЦ Дмитров,180,200
"АО 'Тандер' РЦ Зеленодольск Машиностроителей,10",120,120
АО "Тандер" РЦ Кемерово,100,160
АО "Тандер" РЦ Киров,80,140
АО "Тандер" РЦ Коломна,180,200
"АО 'Тандер' РЦ Колпино, Ленинградская обл.",160,200
АО "Тандер" РЦ Краснодар,160,200
АО "Тандер" РЦ Мурманск,80,80
АО "Тандер" РЦ Новосибирск Садовый (новый),160,160
АО "Тандер" РЦ Ногинск,160,200
АО "Тандер" РЦ Оренбург Ленина,100,120
АО "Тандер" РЦ Пермь,100,200
АО "Тандер" РЦ Смоленск,100,100
АО "Тандер" РЦ Сургут,1000,200
АО "Тандер" РЦ Тула,160,300
АО "Тандер" РЦ Тюмень,140,150
АО "Тандер" РЦ Шахты,100,160
АО "Тандер" РЦ Шушары,160,180
АО "Тандер" РЦ Ярославль,240,260
АО "Тандер" г.Волгоград (РЦ Ерзовка),100,200
АО "Тандер" РЦ ВС АЛИДИ-Норд г.Санкт-Петербург,160,160
АО"Тандер" г. Славянск на Кубани,120,160
АО Тандер РЦ ВС "НЕО-ТРЕЙД" Индустриальный,100,200
АО "Тандер"  РЦ Самара  Новосемейкино,200,200
АО "Тандер"  РЦ Подольск,200,200

